key,en:status,de:status,fr:status,nl:status,tr:status,az:status,en:len,de:len,fr:len,nl:len,tr:len,az:len
"accessibility.autoSpeakOff",OK,OK,OK,OK,OK,OK,19,34,33,34,28,29
"accessibility.autoSpeakOn",OK,OK,OK,OK,OK,OK,18,34,30,33,25,26
"achievements.categories.concept",OK,OK,OK,OK,OK,OK,20,15,22,15,20,19
"achievements.categories.letterSound",OK,OK,OK,OK,OK,OK,18,20,15,18,14,17
"achievements.categories.objects",OK,OK,OK,OK,OK,OK,19,18,21,14,19,16
"achievements.categories.reasoning",OK,OK,OK,OK,OK,OK,15,21,15,16,13,15
"achievements.completed",OK,OK,OK,OK,OK,OK,9,13,7,8,10,10
"achievements.subtitle",OK,OK,OK,OK,OK,OK,57,71,65,66,56,57
"achievements.title",OK,OK,OK,OK,OK,OK,12,7,9,10,10,12
"achievements.viewReportAria",OK,OK,OK,OK,OK,OK,20,27,30,24,26,22
"activities.letter.embeddedStory",OK,OK,OK,OK,OK,OK,10,15,14,11,13,12
"activities.letter.findSoundInImage",OK,OK,OK,OK,OK,OK,19,19,27,26,17,16
"activities.letter.findTheLetter",OK,OK,OK,OK,OK,OK,15,20,17,14,9,9
"activities.letter.grid",OK,OK,OK,OK,OK,OK,11,16,17,13,13,12
"activities.letter.soundPresence",OK,OK,OK,OK,OK,OK,21,23,23,19,11,10
"activities.letter.syllabification",OK,OK,OK,OK,OK,OK,15,10,11,12,8,8
"activityFeedback.causeEffect.1.correct",OK,OK,OK,OK,MISSING,OK,44,54,51,47,,34
"activityFeedback.causeEffect.1.wrong",OK,OK,OK,OK,MISSING,OK,41,57,64,50,,56
"activityFeedback.causeEffect.10.correct",OK,OK,OK,OK,MISSING,OK,45,46,47,62,,33
"activityFeedback.causeEffect.10.wrong",OK,OK,OK,OK,MISSING,OK,58,63,75,68,,56
"activityFeedback.causeEffect.11.correct",OK,OK,OK,OK,MISSING,OK,49,66,62,58,,46
"activityFeedback.causeEffect.11.wrong",OK,OK,OK,OK,MISSING,OK,54,68,76,64,,47
"activityFeedback.causeEffect.12.correct",OK,OK,OK,OK,MISSING,OK,45,55,61,55,,47
"activityFeedback.causeEffect.12.wrong",OK,OK,OK,OK,MISSING,OK,57,69,76,74,,60
"activityFeedback.causeEffect.13.correct",OK,OK,OK,OK,MISSING,OK,46,59,65,53,,44
"activityFeedback.causeEffect.13.wrong",OK,OK,OK,OK,MISSING,OK,67,75,83,69,,75
"activityFeedback.causeEffect.14.correct",OK,OK,OK,OK,MISSING,OK,37,60,56,52,,32
"activityFeedback.causeEffect.14.wrong",OK,OK,OK,OK,MISSING,OK,55,69,75,64,,43
"activityFeedback.causeEffect.15.correct",OK,OK,OK,OK,MISSING,OK,40,50,54,49,,37
"activityFeedback.causeEffect.15.wrong",OK,OK,OK,OK,MISSING,OK,64,70,79,66,,61
"activityFeedback.causeEffect.2.correct",OK,OK,OK,OK,MISSING,OK,36,35,33,29,,31
"activityFeedback.causeEffect.2.wrong",OK,OK,OK,OK,MISSING,OK,56,52,62,52,,44
"activityFeedback.causeEffect.3.correct",OK,OK,OK,OK,MISSING,OK,50,61,61,56,,43
"activityFeedback.causeEffect.3.wrong",OK,OK,OK,OK,MISSING,OK,48,74,64,64,,64
"activityFeedback.causeEffect.4.correct",OK,OK,OK,OK,MISSING,OK,48,56,62,64,,42
"activityFeedback.causeEffect.4.wrong",OK,OK,OK,OK,MISSING,OK,46,61,59,59,,39
"activityFeedback.causeEffect.5.correct",OK,OK,OK,OK,MISSING,OK,37,56,50,50,,29
"activityFeedback.causeEffect.5.wrong",OK,OK,OK,OK,MISSING,OK,67,85,83,78,,65
"activityFeedback.causeEffect.6.correct",OK,OK,OK,OK,MISSING,OK,36,52,41,45,,32
"activityFeedback.causeEffect.6.wrong",OK,OK,OK,OK,MISSING,OK,46,55,61,55,,50
"activityFeedback.causeEffect.7.correct",OK,OK,OK,OK,MISSING,OK,48,70,61,60,,37
"activityFeedback.causeEffect.7.wrong",OK,OK,OK,OK,MISSING,OK,57,66,68,57,,44
"activityFeedback.causeEffect.8.correct",OK,OK,OK,OK,MISSING,OK,58,67,71,64,,50
"activityFeedback.causeEffect.8.wrong",OK,OK,OK,OK,MISSING,OK,50,64,58,61,,47
"activityFeedback.causeEffect.9.correct",OK,OK,OK,OK,MISSING,OK,42,52,46,50,,29
"activityFeedback.causeEffect.9.wrong",OK,OK,OK,OK,MISSING,OK,48,65,72,58,,55
"activityFeedback.causeEffect.correct",OK,OK,OK,OK,OK,OK,10,12,7,12,14,4
"activityFeedback.causeEffect.wrong",OK,OK,OK,OK,OK,OK,10,18,9,20,19,16
"activityFeedback.functionalMatching.1.correct",OK,OK,OK,OK,MISSING,OK,30,35,41,32,,21
"activityFeedback.functionalMatching.10.correct",OK,OK,OK,OK,MISSING,OK,29,34,43,32,,26
"activityFeedback.functionalMatching.11.correct",OK,OK,OK,OK,MISSING,OK,29,37,41,31,,27
"activityFeedback.functionalMatching.12.correct",OK,OK,OK,OK,MISSING,OK,30,33,34,30,,30
"activityFeedback.functionalMatching.13.correct",OK,OK,OK,OK,MISSING,OK,27,38,40,33,,25
"activityFeedback.functionalMatching.14.correct",OK,OK,OK,OK,MISSING,OK,26,36,37,29,,23
"activityFeedback.functionalMatching.15.correct",OK,OK,OK,OK,MISSING,OK,28,35,41,31,,27
"activityFeedback.functionalMatching.2.correct",OK,OK,OK,OK,MISSING,OK,35,38,48,37,,41
"activityFeedback.functionalMatching.3.correct",OK,OK,OK,OK,MISSING,OK,26,30,50,29,,32
"activityFeedback.functionalMatching.4.correct",OK,OK,OK,OK,MISSING,OK,29,37,37,35,,39
"activityFeedback.functionalMatching.5.correct",OK,OK,OK,OK,MISSING,OK,25,33,44,27,,23
"activityFeedback.functionalMatching.6.correct",OK,OK,OK,OK,MISSING,OK,34,36,38,42,,26
"activityFeedback.functionalMatching.7.correct",OK,OK,OK,OK,MISSING,OK,29,41,42,35,,23
"activityFeedback.functionalMatching.8.correct",OK,OK,OK,OK,MISSING,OK,28,39,35,34,,21
"activityFeedback.functionalMatching.9.correct",OK,OK,OK,OK,MISSING,OK,25,33,44,27,,25
"activityFeedback.functionalMatching.correct",OK,OK,OK,OK,OK,OK,25,32,25,26,25,25
"activityFeedback.functionalMatching.wrong",OK,OK,OK,OK,OK,OK,19,22,21,15,15,15
"activityFeedback.whatDoesntBelong.1.correct",OK,OK,OK,OK,MISSING,OK,25,22,26,21,,23
"activityFeedback.whatDoesntBelong.1.wrong",OK,OK,OK,OK,MISSING,OK,21,23,18,22,,20
"activityFeedback.whatDoesntBelong.10.correct",OK,OK,OK,OK,MISSING,OK,55,63,62,60,,52
"activityFeedback.whatDoesntBelong.10.wrong",OK,OK,OK,OK,MISSING,OK,22,27,26,24,,22
"activityFeedback.whatDoesntBelong.11.correct",OK,OK,OK,OK,MISSING,OK,51,49,60,49,,43
"activityFeedback.whatDoesntBelong.11.wrong",OK,OK,OK,OK,MISSING,OK,27,27,31,26,,21
"activityFeedback.whatDoesntBelong.12.correct",OK,OK,OK,OK,MISSING,OK,51,54,55,52,,41
"activityFeedback.whatDoesntBelong.12.wrong",OK,OK,OK,OK,MISSING,OK,24,32,26,26,,22
"activityFeedback.whatDoesntBelong.13.correct",OK,OK,OK,OK,MISSING,OK,61,72,86,68,,59
"activityFeedback.whatDoesntBelong.13.wrong",OK,OK,OK,OK,MISSING,OK,30,39,44,35,,29
"activityFeedback.whatDoesntBelong.14.correct",OK,OK,OK,OK,MISSING,OK,55,58,61,59,,44
"activityFeedback.whatDoesntBelong.14.wrong",OK,OK,OK,OK,MISSING,OK,29,31,31,32,,22
"activityFeedback.whatDoesntBelong.15.correct",OK,OK,OK,OK,MISSING,OK,46,54,56,50,,47
"activityFeedback.whatDoesntBelong.15.wrong",OK,OK,OK,OK,MISSING,OK,22,25,27,22,,28
"activityFeedback.whatDoesntBelong.16.correct",OK,OK,OK,OK,MISSING,OK,44,45,63,46,,46
"activityFeedback.whatDoesntBelong.16.wrong",OK,OK,OK,OK,MISSING,OK,24,26,26,24,,23
"activityFeedback.whatDoesntBelong.17.correct",OK,OK,OK,OK,MISSING,OK,45,50,57,49,,41
"activityFeedback.whatDoesntBelong.17.wrong",OK,OK,OK,OK,MISSING,OK,22,22,25,21,,22
"activityFeedback.whatDoesntBelong.18.correct",OK,OK,OK,OK,MISSING,OK,44,54,57,51,,46
"activityFeedback.whatDoesntBelong.18.wrong",OK,OK,OK,OK,MISSING,OK,20,31,25,28,,24
"activityFeedback.whatDoesntBelong.19.correct",OK,OK,OK,OK,MISSING,OK,48,49,58,44,,48
"activityFeedback.whatDoesntBelong.19.wrong",OK,OK,OK,OK,MISSING,OK,23,26,28,23,,22
"activityFeedback.whatDoesntBelong.2.correct",OK,OK,OK,OK,MISSING,OK,25,22,26,21,,23
"activityFeedback.whatDoesntBelong.2.wrong",OK,OK,OK,OK,MISSING,OK,21,23,18,22,,20
"activityFeedback.whatDoesntBelong.20.correct",OK,OK,OK,OK,MISSING,OK,51,55,60,53,,56
"activityFeedback.whatDoesntBelong.20.wrong",OK,OK,OK,OK,MISSING,OK,24,30,28,28,,35
"activityFeedback.whatDoesntBelong.3.correct",OK,OK,OK,OK,MISSING,OK,25,22,26,21,,23
"activityFeedback.whatDoesntBelong.3.wrong",OK,OK,OK,OK,MISSING,OK,21,23,18,22,,20
"activityFeedback.whatDoesntBelong.4.correct",OK,OK,OK,OK,MISSING,OK,25,22,26,21,,23
"activityFeedback.whatDoesntBelong.4.wrong",OK,OK,OK,OK,MISSING,OK,21,23,18,22,,20
"activityFeedback.whatDoesntBelong.5.correct",OK,OK,OK,OK,MISSING,OK,47,51,57,50,,55
"activityFeedback.whatDoesntBelong.5.wrong",OK,OK,OK,OK,MISSING,OK,22,22,25,21,,22
"activityFeedback.whatDoesntBelong.6.correct",OK,OK,OK,OK,MISSING,OK,48,48,58,46,,46
"activityFeedback.whatDoesntBelong.6.wrong",OK,OK,OK,OK,MISSING,OK,24,26,26,24,,23
"activityFeedback.whatDoesntBelong.7.correct",OK,OK,OK,OK,MISSING,OK,49,52,60,50,,57
"activityFeedback.whatDoesntBelong.7.wrong",OK,OK,OK,OK,MISSING,OK,24,30,28,28,,35
"activityFeedback.whatDoesntBelong.8.correct",OK,OK,OK,OK,MISSING,OK,57,64,70,63,,54
"activityFeedback.whatDoesntBelong.8.wrong",OK,OK,OK,OK,MISSING,OK,35,37,41,36,,29
"activityFeedback.whatDoesntBelong.9.correct",OK,OK,OK,OK,MISSING,OK,50,45,55,46,,44
"activityFeedback.whatDoesntBelong.9.wrong",OK,OK,OK,OK,MISSING,OK,26,24,26,27,,24
"activityFeedback.whatDoesntBelong.correct",OK,OK,OK,OK,OK,OK,25,22,26,21,20,23
"activityFeedback.whatDoesntBelong.wrong",OK,OK,OK,OK,OK,OK,21,23,18,22,18,20
"activityMgmt.concepts",OK,OK,OK,OK,OK,OK,18,15,21,19,19,21
"activityMgmt.enableAll",OK,OK,OK,OK,OK,OK,10,15,12,17,18,20
"activityMgmt.enableAllHelp",OK,OK,OK,OK,OK,OK,43,53,58,52,41,46
"activityMgmt.fineMotor",OK,OK,OK,OK,OK,OK,17,11,14,14,20,25
"activityMgmt.lineTracing",OK,OK,OK,OK,OK,OK,12,19,14,10,11,11
"activityMgmt.objects",OK,OK,OK,OK,OK,OK,19,18,21,14,19,16
"activityMgmt.reasoning",OK,OK,OK,OK,OK,OK,15,21,15,16,13,15
"activityMgmt.rhythmFollowing",OK,OK,OK,OK,OK,OK,16,18,15,12,11,11
"activityMgmt.shapeColoring",OK,OK,OK,OK,OK,OK,14,15,19,16,12,14
"activityMgmt.title",OK,OK,OK,OK,OK,OK,19,20,21,18,17,21
"app.activityLoadError",OK,OK,OK,OK,OK,OK,45,52,59,58,37,37
"app.activityRestarting",OK,OK,OK,OK,OK,OK,22,31,26,29,32,31
"app.back",OK,OK,OK,OK,OK,OK,7,6,6,5,8,10
"app.developing",OK,OK,OK,OK,OK,OK,17,14,16,15,14,10
"app.noActivitySelected",OK,OK,OK,OK,OK,OK,21,27,29,29,27,21
"app.noContentForActivity",OK,OK,OK,OK,OK,OK,35,50,41,42,35,35
"app.noMoreImagesForActivity",OK,OK,OK,OK,OK,OK,51,50,54,64,51,51
"app.pdfCreateError",OK,OK,OK,OK,OK,OK,59,76,73,72,58,51
"app.pdfJobName",OK,OK,OK,OK,OK,OK,20,19,24,27,30,19
"app.pdfSaveError",OK,OK,OK,OK,OK,OK,57,76,78,74,57,52
"app.pdfSavedInfo",OK,OK,OK,OK,OK,OK,61,74,79,66,92,83
"app.print",OK,OK,OK,OK,OK,OK,5,7,8,9,6,6
"app.printPreview",OK,OK,OK,OK,OK,OK,13,13,23,15,14,12
"app.randomActivityRestarting",OK,OK,OK,OK,OK,OK,37,49,45,50,48,45
"app.savePdf",OK,OK,OK,OK,OK,OK,8,13,18,11,10,17
"app.shareDialogTitle",OK,OK,OK,OK,OK,OK,9,10,15,9,10,12
"app.shareText",OK,OK,OK,OK,OK,OK,51,56,58,48,48,45
"app.shareTitle",OK,OK,OK,OK,OK,OK,9,15,14,14,14,14
"categories.objectsIntl.noCuratedSet",OK,OK,OK,OK,OK,OK,37,54,58,47,40,45
"categories.objectsIntl.subtitle",OK,OK,OK,OK,OK,OK,45,56,60,49,61,54
"categories.objectsIntl.title",OK,OK,OK,OK,OK,OK,7,11,6,8,8,7
"choice.banImageAria",OK,OK,OK,OK,OK,OK,28,31,28,31,28,26
"choice.hideHint",OK,OK,OK,OK,OK,OK,9,18,16,13,13,14
"choice.hideLabel",OK,OK,OK,OK,OK,OK,11,25,22,16,16,17
"choice.hint",OK,OK,OK,OK,OK,OK,4,7,6,3,5,5
"choice.label",OK,OK,OK,OK,OK,OK,5,12,9,5,6,6
"choice.learnColors",OK,OK,OK,OK,OK,OK,12,13,22,13,14,14
"choice.learnEmotions",OK,OK,OK,OK,OK,OK,14,14,22,13,15,14
"choice.learnShapes",OK,OK,OK,OK,OK,OK,12,13,20,12,15,15
"choice.matchPrompt",OK,OK,OK,OK,OK,OK,23,20,26,19,24,22
"choice.readQuestion",OK,OK,OK,OK,OK,OK,18,14,16,15,16,15
"choice.showHint",OK,OK,OK,OK,OK,OK,9,16,17,9,12,14
"choice.showLabel",OK,OK,OK,OK,OK,OK,11,23,23,12,17,17
"common.next",OK,OK,OK,OK,OK,OK,4,6,7,8,7,7
"common.previous",OK,OK,OK,OK,OK,OK,8,6,9,6,6,7
"communication.addToBasket",OK,OK,OK,OK,OK,OK,13,19,17,20,11,15
"communication.basketEmpty",OK,OK,OK,OK,OK,OK,20,18,21,17,13,16
"communication.basketEmptyHelp",OK,OK,OK,OK,OK,OK,53,66,74,73,68,76
"communication.categories.actions",OK,OK,OK,OK,OK,OK,7,10,7,6,8,10
"communication.categories.animals",OK,OK,OK,OK,OK,OK,7,5,7,6,9,9
"communication.categories.duygular",OK,OK,OK,OK,OK,OK,8,7,10,9,8,7
"communication.categories.emotions",OK,OK,OK,OK,OK,OK,8,7,10,9,8,7
"communication.categories.esyalar",OK,OK,OK,OK,OK,OK,7,11,6,10,7,7
"communication.categories.eylemler",OK,OK,OK,OK,OK,OK,7,10,7,6,8,10
"communication.categories.hayvanlar",OK,OK,OK,OK,OK,OK,7,5,7,6,9,9
"communication.categories.ihtiyaclar",OK,OK,OK,OK,OK,OK,11,16,18,14,10,15
"communication.categories.kisiler",OK,OK,OK,OK,OK,OK,6,8,9,6,7,8
"communication.categories.needs",OK,OK,OK,OK,OK,OK,11,16,18,14,10,15
"communication.categories.objects",OK,OK,OK,OK,OK,OK,7,11,6,10,7,7
"communication.categories.people",OK,OK,OK,OK,OK,OK,6,8,9,6,7,8
"communication.categories.places",OK,OK,OK,OK,OK,OK,6,4,5,8,6,8
"communication.categories.tasitlar",OK,OK,OK,OK,OK,OK,8,9,9,10,8,20
"communication.categories.vehicles",OK,OK,OK,OK,OK,OK,8,9,9,10,8,20
"communication.categories.yerler",OK,OK,OK,OK,OK,OK,6,4,5,8,6,8
"communication.clear",OK,OK,OK,OK,OK,OK,5,6,5,9,7,7
"communication.clearBasketAria",OK,OK,OK,OK,OK,OK,12,11,15,14,14,14
"communication.clearSentenceAria",OK,OK,OK,OK,OK,OK,14,12,17,10,15,15
"communication.composeHint",OK,OK,OK,OK,OK,OK,30,41,50,35,39,35
"communication.finishSelection",OK,OK,OK,OK,OK,OK,16,19,21,18,12,12
"communication.finishSelectionAria",OK,OK,OK,OK,OK,OK,21,25,31,23,19,19
"communication.printBasketTitle",OK,OK,OK,OK,OK,OK,12,9,19,12,15,10
"communication.printHint",OK,OK,OK,OK,OK,OK,31,47,50,49,37,41
"communication.printPoolLimitTooMany",OK,OK,OK,OK,OK,OK,58,57,88,78,76,80
"communication.printPoolLimitWarning",OK,OK,OK,OK,OK,OK,60,72,78,61,67,75
"communication.printSelectedAria",OK,OK,OK,OK,OK,OK,20,26,33,31,22,24
"communication.printSelectionCount",OK,OK,OK,OK,OK,OK,20,22,26,24,19,19
"communication.printSelectionHelp",OK,OK,OK,OK,OK,OK,35,42,49,49,42,43
"communication.removeFromBasket",OK,OK,OK,OK,OK,OK,18,22,17,22,22,14
"communication.selectCardsForCategory",OK,OK,OK,OK,OK,OK,26,30,38,32,23,27
"communication.selectForPrintAria",OK,OK,OK,OK,OK,OK,21,28,34,34,23,27
"communication.speakSentenceAria",OK,OK,OK,OK,OK,OK,14,13,19,14,17,17
"communication.subcategories.aile",OK,OK,OK,OK,OK,OK,14,18,21,12,12,12
"communication.subcategories.air",OK,OK,OK,OK,OK,OK,12,13,17,15,14,15
"communication.subcategories.ana-yemekler",OK,OK,OK,OK,OK,OK,11,13,16,14,12,13
"communication.subcategories.artistic",OK,OK,OK,OK,OK,OK,21,24,21,21,20,17
"communication.subcategories.atistirmaliklar",OK,OK,OK,OK,OK,OK,6,6,10,6,15,13
"communication.subcategories.breakfast",OK,OK,OK,OK,OK,OK,9,9,14,7,14,12
"communication.subcategories.ciftlik",OK,OK,OK,OK,OK,OK,12,14,16,15,18,16
"communication.subcategories.clothing",OK,OK,OK,OK,OK,OK,7,8,9,7,10,8
"communication.subcategories.daily",OK,OK,OK,OK,OK,OK,14,12,21,19,15,17
"communication.subcategories.deniz",OK,OK,OK,OK,OK,OK,12,15,16,13,15,16
"communication.subcategories.dis_mekan",OK,OK,OK,OK,OK,OK,8,7,9,6,12,9
"communication.subcategories.drinks",OK,OK,OK,OK,OK,OK,6,8,8,8,9,7
"communication.subcategories.ev_esya",OK,OK,OK,OK,OK,OK,15,20,17,24,11,11
"communication.subcategories.ev_yer",OK,OK,OK,OK,OK,OK,4,7,6,5,2,2
"communication.subcategories.evcil",OK,OK,OK,OK,OK,OK,4,9,19,10,15,13
"communication.subcategories.family",OK,OK,OK,OK,OK,OK,14,18,21,12,12,12
"communication.subcategories.farm",OK,OK,OK,OK,OK,OK,12,14,16,15,18,16
"communication.subcategories.fiziksel",OK,OK,OK,OK,OK,OK,15,20,15,18,17,18
"communication.subcategories.fruits",OK,OK,OK,OK,OK,OK,6,7,6,5,8,8
"communication.subcategories.gunluk",OK,OK,OK,OK,OK,OK,14,12,21,19,15,17
"communication.subcategories.hareket",OK,OK,OK,OK,OK,OK,19,18,19,17,15,16
"communication.subcategories.hava",OK,OK,OK,OK,OK,OK,12,13,17,15,14,15
"communication.subcategories.health",OK,OK,OK,OK,OK,OK,6,10,5,10,6,9
"communication.subcategories.homePlaces",OK,OK,OK,OK,OK,OK,4,7,6,5,2,2
"communication.subcategories.householdItems",OK,OK,OK,OK,OK,OK,15,20,17,24,11,11
"communication.subcategories.hygiene",OK,OK,OK,OK,OK,OK,7,7,7,7,8,8
"communication.subcategories.icecekler",OK,OK,OK,OK,OK,OK,6,8,8,8,9,7
"communication.subcategories.istekler",OK,OK,OK,OK,OK,OK,8,7,8,9,8,8
"communication.subcategories.kahvaltiliklar",OK,OK,OK,OK,OK,OK,9,9,14,7,14,12
"communication.subcategories.kara",OK,OK,OK,OK,OK,OK,13,13,20,14,14,15
"communication.subcategories.kiyafetler",OK,OK,OK,OK,OK,OK,7,8,9,7,10,8
"communication.subcategories.land",OK,OK,OK,OK,OK,OK,13,13,20,14,14,15
"communication.subcategories.mainDishes",OK,OK,OK,OK,OK,OK,11,13,16,14,12,13
"communication.subcategories.meslekler",OK,OK,OK,OK,OK,OK,11,6,11,8,9,7
"communication.subcategories.meyveler",OK,OK,OK,OK,OK,OK,6,7,6,5,8,8
"communication.subcategories.movement",OK,OK,OK,OK,OK,OK,19,18,19,17,15,16
"communication.subcategories.negatif",OK,OK,OK,OK,OK,OK,8,7,7,8,7,5
"communication.subcategories.negative",OK,OK,OK,OK,OK,OK,8,7,7,8,7,5
"communication.subcategories.okul_esya",OK,OK,OK,OK,OK,OK,12,16,21,13,13,20
"communication.subcategories.okul_kisi",OK,OK,OK,OK,OK,OK,18,11,22,14,12,13
"communication.subcategories.okul_yer",OK,OK,OK,OK,OK,OK,6,6,5,6,4,6
"communication.subcategories.outdoors",OK,OK,OK,OK,OK,OK,8,7,9,6,12,9
"communication.subcategories.oyun_esya",OK,OK,OK,OK,OK,OK,16,20,17,20,21,22
"communication.subcategories.pets",OK,OK,OK,OK,OK,OK,4,9,19,10,15,13
"communication.subcategories.physical",OK,OK,OK,OK,OK,OK,15,20,15,18,17,18
"communication.subcategories.positive",OK,OK,OK,OK,OK,OK,8,7,7,8,7,6
"communication.subcategories.pozitif",OK,OK,OK,OK,OK,OK,8,7,7,8,7,6
"communication.subcategories.professions",OK,OK,OK,OK,OK,OK,11,6,11,8,9,7
"communication.subcategories.requests",OK,OK,OK,OK,OK,OK,8,7,8,9,8,8
"communication.subcategories.saglik",OK,OK,OK,OK,OK,OK,6,10,5,10,6,9
"communication.subcategories.sanatsal",OK,OK,OK,OK,OK,OK,21,24,21,21,20,17
"communication.subcategories.schoolPeople",OK,OK,OK,OK,OK,OK,18,11,22,14,12,13
"communication.subcategories.schoolPlaces",OK,OK,OK,OK,OK,OK,6,6,5,6,4,6
"communication.subcategories.schoolSupplies",OK,OK,OK,OK,OK,OK,12,16,21,13,13,20
"communication.subcategories.sea",OK,OK,OK,OK,OK,OK,12,15,16,13,15,16
"communication.subcategories.sebzeler",OK,OK,OK,OK,OK,OK,10,6,7,8,8,10
"communication.subcategories.sleep",OK,OK,OK,OK,OK,OK,5,6,7,6,4,4
"communication.subcategories.snacks",OK,OK,OK,OK,OK,OK,6,6,10,6,15,13
"communication.subcategories.social",OK,OK,OK,OK,OK,OK,19,21,21,19,19,26
"communication.subcategories.sosyal",OK,OK,OK,OK,OK,OK,19,21,21,19,19,26
"communication.subcategories.temizlik",OK,OK,OK,OK,OK,OK,7,7,7,7,8,8
"communication.subcategories.toilet",OK,OK,OK,OK,OK,OK,6,8,9,6,7,6
"communication.subcategories.toysAndHobbies",OK,OK,OK,OK,OK,OK,16,20,17,20,21,22
"communication.subcategories.tuvalet",OK,OK,OK,OK,OK,OK,6,8,9,6,7,6
"communication.subcategories.uyku",OK,OK,OK,OK,OK,OK,5,6,7,6,4,4
"communication.subcategories.vahsi",OK,OK,OK,OK,OK,OK,12,11,16,12,15,15
"communication.subcategories.vegetables",OK,OK,OK,OK,OK,OK,10,6,7,8,8,10
"communication.subcategories.wild",OK,OK,OK,OK,OK,OK,12,11,16,12,15,15
"communication.subtitle",OK,OK,OK,OK,OK,OK,74,78,90,80,71,83
"communication.title",OK,OK,OK,OK,OK,OK,26,29,32,27,24,24
"completion.heading",OK,OK,OK,OK,OK,OK,16,12,15,14,10,10
"completion.home",OK,OK,OK,OK,OK,OK,9,9,14,9,8,10
"completion.msg.high",OK,OK,OK,OK,OK,OK,12,20,19,19,19,14
"completion.msg.low",OK,OK,OK,OK,OK,OK,23,39,13,22,26,32
"completion.msg.mid",OK,OK,OK,OK,OK,OK,19,20,29,21,19,19
"completion.restart",OK,OK,OK,OK,OK,OK,10,15,7,14,11,12
"concepts.activities.aliveLifeless",OK,OK,OK,OK,OK,OK,16,17,16,18,14,14
"concepts.activities.beforeAfter",OK,OK,OK,OK,OK,OK,14,16,13,9,12,13
"concepts.activities.belowAbove",OK,OK,OK,OK,OK,OK,13,12,16,15,18,18
"concepts.activities.besideOpposite",OK,OK,OK,OK,OK,OK,17,17,21,17,24,24
"concepts.activities.between",OK,OK,OK,OK,OK,OK,7,8,5,6,8,8
"concepts.activities.bigSmall",OK,OK,OK,OK,OK,OK,11,12,13,13,13,13
"concepts.activities.bitterSweet",OK,OK,OK,OK,OK,OK,14,12,12,13,11,11
"concepts.activities.brokenIntact",OK,OK,OK,OK,OK,OK,15,13,14,15,14,14
"concepts.activities.cleanDirty",OK,OK,OK,OK,OK,OK,13,18,13,13,13,14
"concepts.activities.colors",OK,OK,OK,OK,OK,OK,6,6,8,7,7,7
"concepts.activities.crowdedSparse",OK,OK,OK,OK,OK,OK,16,24,17,14,17,18
"concepts.activities.dayNight",OK,OK,OK,OK,OK,OK,11,11,11,11,13,13
"concepts.activities.deepShallow",OK,OK,OK,OK,OK,OK,14,12,21,13,11,13
"concepts.activities.derinSig",OK,OK,OK,OK,OK,OK,14,12,21,13,11,13
"concepts.activities.dikenliPuruzsuz",OK,OK,OK,OK,OK,OK,14,17,15,15,18,15
"concepts.activities.dugumCozuk",OK,OK,OK,OK,OK,OK,16,18,13,22,15,17
"concepts.activities.emotions",OK,OK,OK,OK,OK,OK,8,7,8,7,8,7
"concepts.activities.fastSlow",OK,OK,OK,OK,OK,OK,11,17,13,15,13,15
"concepts.activities.fewMuch",OK,OK,OK,OK,OK,OK,10,12,14,13,8,8
"concepts.activities.freshStale",OK,OK,OK,OK,OK,OK,13,18,14,10,12,12
"concepts.activities.fullEmpty",OK,OK,OK,OK,OK,OK,12,11,12,10,10,10
"concepts.activities.halfQuarterWhole",OK,OK,OK,OK,OK,OK,22,21,23,19,20,23
"concepts.activities.hardSoft",OK,OK,OK,OK,OK,OK,11,12,9,12,14,13
"concepts.activities.heavyLight",OK,OK,OK,OK,OK,OK,13,15,13,13,12,13
"concepts.activities.highLow",OK,OK,OK,OK,OK,OK,10,14,10,11,14,14
"concepts.activities.hotCold",OK,OK,OK,OK,OK,OK,10,11,13,11,13,12
"concepts.activities.hungryFull",OK,OK,OK,OK,OK,OK,13,14,17,14,8,8
"concepts.activities.inFrontOfBehind",OK,OK,OK,OK,OK,OK,17,14,17,13,13,16
"concepts.activities.insideOutside",OK,OK,OK,OK,OK,OK,16,13,29,15,18,17
"concepts.activities.kalabalikTenha",OK,OK,OK,OK,OK,OK,16,24,21,13,17,18
"concepts.activities.kirisikDuzgun",OK,OK,OK,OK,OK,OK,17,14,15,15,16,15
"concepts.activities.knottedUntied",OK,OK,OK,OK,OK,OK,16,18,13,22,15,17
"concepts.activities.lazyHardworking",OK,OK,OK,OK,OK,OK,18,14,23,13,17,17
"concepts.activities.leftRight",OK,OK,OK,OK,OK,OK,12,14,15,14,9,9
"concepts.activities.longShort",OK,OK,OK,OK,OK,OK,12,11,12,11,11,11
"concepts.activities.messyClean",OK,OK,OK,OK,OK,OK,12,25,19,17,17,18
"concepts.activities.messyTidy",OK,OK,OK,OK,OK,OK,12,25,19,17,17,18
"concepts.activities.nearFar",OK,OK,OK,OK,OK,OK,10,10,11,14,12,12
"concepts.activities.oddEven",OK,OK,OK,OK,OK,OK,10,17,13,13,10,9
"concepts.activities.oldNew",OK,OK,OK,OK,OK,OK,9,9,12,11,11,12
"concepts.activities.onUnder",OK,OK,OK,OK,OK,OK,10,11,10,10,17,17
"concepts.activities.openClosed",OK,OK,OK,OK,OK,OK,13,19,14,15,13,12
"concepts.activities.parlakMat",OK,OK,OK,OK,OK,OK,13,15,14,14,12,12
"concepts.activities.pointedBlunt",OK,OK,OK,OK,OK,OK,13,14,16,14,11,9
"concepts.activities.roughSmooth",OK,OK,OK,OK,OK,OK,14,11,15,10,18,13
"concepts.activities.seffafOpak",OK,OK,OK,OK,OK,OK,20,28,20,27,13,21
"concepts.activities.senses",OK,OK,OK,OK,OK,OK,10,12,8,14,11,17
"concepts.activities.shapes",OK,OK,OK,OK,OK,OK,6,6,6,6,8,8
"concepts.activities.shinyMatte",OK,OK,OK,OK,OK,OK,13,15,14,14,12,12
"concepts.activities.sivriKut",OK,OK,OK,OK,OK,OK,13,14,16,14,11,9
"concepts.activities.straightCurved",OK,OK,OK,OK,OK,OK,17,16,14,15,10,10
"concepts.activities.tazeBayat",OK,OK,OK,OK,OK,OK,13,18,14,10,12,12
"concepts.activities.tembelCaliskan",OK,OK,OK,OK,OK,OK,18,14,23,13,17,17
"concepts.activities.tersDuz",OK,OK,OK,OK,OK,OK,21,22,18,23,10,10
"concepts.activities.thinThick",OK,OK,OK,OK,OK,OK,12,11,11,9,12,13
"concepts.activities.thornySmooth",OK,OK,OK,OK,OK,OK,14,17,15,15,18,15
"concepts.activities.transparentOpaque",OK,OK,OK,OK,OK,OK,20,28,20,27,13,21
"concepts.activities.upsideDownUpright",OK,OK,OK,OK,OK,OK,21,22,18,23,10,10
"concepts.activities.wetDry",OK,OK,OK,OK,OK,OK,9,14,13,11,12,10
"concepts.activities.wholeHalfQuarter",OK,OK,OK,OK,OK,OK,22,21,23,19,20,23
"concepts.activities.wideNarrow",OK,OK,OK,OK,OK,OK,13,14,14,12,11,11
"concepts.activities.wrinkledSmooth",OK,OK,OK,OK,OK,OK,17,14,15,15,16,15
"concepts.activities.yesNo",OK,OK,OK,OK,OK,OK,8,9,9,8,12,11
"concepts.activities.youngOld",OK,OK,OK,OK,OK,OK,11,10,13,10,12,12
"concepts.basic",OK,OK,OK,OK,OK,OK,5,11,7,5,5,4
"concepts.dimensional",OK,OK,OK,OK,OK,OK,11,11,12,12,8,6
"concepts.location",OK,OK,OK,OK,OK,OK,8,4,8,7,5,5
"concepts.quantity",OK,OK,OK,OK,OK,OK,8,5,8,11,6,6
"concepts.state",OK,OK,OK,OK,OK,OK,5,7,4,8,5,8
"concepts.subtitles.approveReject",OK,OK,OK,OK,OK,OK,17,23,28,33,18,28
"concepts.subtitles.compareLevels",OK,OK,OK,OK,OK,OK,14,18,20,19,22,23
"concepts.subtitles.compareQuantities",OK,OK,OK,OK,OK,OK,18,18,22,24,22,22
"concepts.subtitles.compareSizes",OK,OK,OK,OK,OK,OK,13,18,20,20,21,20
"concepts.subtitles.compareSpeeds",OK,OK,OK,OK,OK,OK,14,29,21,21,19,21
"concepts.subtitles.compareWeights",OK,OK,OK,OK,OK,OK,15,20,18,21,23,23
"concepts.subtitles.feelTemperatures",OK,OK,OK,OK,OK,OK,27,36,23,19,26,29
"concepts.subtitles.feelTextures",OK,OK,OK,OK,OK,OK,23,32,22,15,22,25
"concepts.subtitles.findColor",OK,OK,OK,OK,OK,OK,14,15,27,22,9,9
"concepts.subtitles.findCorrectOne",OK,OK,OK,OK,OK,OK,20,19,14,16,15,16
"concepts.subtitles.findMiddle",OK,OK,OK,OK,OK,OK,26,26,23,27,14,14
"concepts.subtitles.groupNumbers",OK,OK,OK,OK,OK,OK,13,17,19,18,15,20
"concepts.subtitles.identifyPoints",OK,OK,OK,OK,OK,OK,31,42,22,24,27,28
"concepts.subtitles.indicatePlace",OK,OK,OK,OK,OK,OK,14,11,16,15,11,11
"concepts.subtitles.indicatePositions",OK,OK,OK,OK,OK,OK,18,18,22,17,16,16
"concepts.subtitles.knowContainerStates",OK,OK,OK,OK,OK,OK,21,23,31,27,19,22
"concepts.subtitles.knowSurfaces",OK,OK,OK,OK,OK,OK,18,29,22,19,20,19
"concepts.subtitles.learnDirections",OK,OK,OK,OK,OK,OK,26,24,24,16,22,29
"concepts.subtitles.learnOrder",OK,OK,OK,OK,OK,OK,16,28,17,14,20,25
"concepts.subtitles.learnParts",OK,OK,OK,OK,OK,OK,22,25,21,11,25,25
"concepts.subtitles.learnReflections",OK,OK,OK,OK,OK,OK,23,23,21,16,17,13
"concepts.subtitles.learnTastes",OK,OK,OK,OK,OK,OK,22,35,19,12,20,20
"concepts.subtitles.learnThickness",OK,OK,OK,OK,OK,OK,21,12,21,11,18,18
"concepts.subtitles.learnTimesOfDay",OK,OK,OK,OK,OK,OK,22,18,35,14,23,22
"concepts.subtitles.measureDepths",OK,OK,OK,OK,OK,OK,14,13,23,13,16,16
"concepts.subtitles.orderEvents",OK,OK,OK,OK,OK,OK,12,17,23,22,15,17
"concepts.subtitles.plantAnimalTextures",OK,OK,OK,OK,OK,OK,25,26,32,22,24,26
"concepts.subtitles.recognizeFaces",OK,OK,OK,OK,OK,OK,15,18,36,31,12,19
"concepts.subtitles.recognizeLines",OK,OK,OK,OK,OK,OK,20,20,22,16,20,19
"concepts.subtitles.rightShape",OK,OK,OK,OK,OK,OK,20,23,22,18,15,18
"concepts.subtitles.surfaceConditions",OK,OK,OK,OK,OK,OK,24,26,16,21,23,25
"concepts.subtitles.tellDirections",OK,OK,OK,OK,OK,OK,15,18,25,24,13,19
"concepts.subtitles.tellLengths",OK,OK,OK,OK,OK,OK,29,27,24,21,24,24
"concepts.subtitles.understandBehaviors",OK,OK,OK,OK,OK,OK,20,26,28,21,17,17
"concepts.subtitles.understandCrowding",OK,OK,OK,OK,OK,OK,19,24,25,16,15,13
"concepts.subtitles.understandDistances",OK,OK,OK,OK,OK,OK,20,22,24,19,15,15
"concepts.subtitles.understandFullness",OK,OK,OK,OK,OK,OK,29,22,25,17,24,27
"concepts.subtitles.understandHeights",OK,OK,OK,OK,OK,OK,18,15,23,17,18,18
"concepts.subtitles.understandTransparency",OK,OK,OK,OK,OK,OK,23,21,26,23,15,15
"concepts.subtitles.understandWidth",OK,OK,OK,OK,OK,OK,16,16,21,17,14,8
"concepts.subtitles.untangleConnections",OK,OK,OK,OK,OK,OK,20,22,22,22,16,12
"concepts.tactile",OK,OK,OK,OK,OK,OK,7,6,7,7,8,7
"concepts.time",OK,OK,OK,OK,OK,OK,4,4,5,4,5,5
"consent.accept",OK,OK,OK,OK,OK,OK,8,13,9,12,14,12
"consent.body",OK,OK,OK,OK,OK,OK,196,278,288,234,241,225
"consent.title",OK,OK,OK,OK,OK,OK,15,23,33,24,19,17
"consent.viewPolicy",OK,OK,OK,OK,OK,OK,19,26,36,19,26,23
"experimental.menuTitle",OK,OK,OK,OK,OK,OK,31,39,38,38,28,37
"experimental.relativeComparison.images.950",OK,OK,OK,OK,OK,OK,8,12,13,11,8,8
"experimental.relativeComparison.images.951",OK,OK,OK,OK,OK,OK,11,12,11,13,9,10
"experimental.relativeComparison.images.952",OK,OK,OK,OK,OK,OK,11,12,11,13,9,10
"experimental.relativeComparison.images.953",OK,OK,OK,OK,OK,OK,7,10,13,11,8,8
"experimental.relativeComparison.images.954",OK,OK,OK,OK,OK,OK,6,13,13,11,8,8
"experimental.relativeComparison.images.955",OK,OK,OK,OK,OK,OK,11,12,11,13,9,10
"experimental.relativeComparison.images.956",OK,OK,OK,OK,OK,OK,11,12,11,13,9,10
"experimental.relativeComparison.images.957",OK,OK,OK,OK,OK,OK,9,13,14,10,6,6
"experimental.relativeComparison.images.958",OK,OK,OK,OK,OK,OK,8,11,13,9,7,8
"experimental.relativeComparison.images.959",OK,OK,OK,OK,OK,OK,11,12,11,13,9,10
"experimental.relativeComparison.images.960",OK,OK,OK,OK,OK,OK,11,12,11,13,9,10
"experimental.relativeComparison.images.961",OK,OK,OK,OK,OK,OK,8,11,13,9,8,8
"experimental.relativeComparison.images.962",OK,OK,OK,OK,OK,OK,6,12,8,9,5,5
"experimental.relativeComparison.images.963",OK,OK,OK,OK,OK,OK,11,12,11,13,9,10
"experimental.relativeComparison.images.964",OK,OK,OK,OK,OK,OK,11,12,11,13,9,10
"experimental.relativeComparison.images.965",OK,OK,OK,OK,OK,OK,4,10,7,9,6,6
"experimental.relativeComparison.images.966",OK,OK,OK,OK,OK,OK,8,12,13,10,7,7
"experimental.relativeComparison.images.967",OK,OK,OK,OK,OK,OK,11,12,11,13,9,10
"experimental.relativeComparison.images.968",OK,OK,OK,OK,OK,OK,11,12,11,13,9,10
"experimental.relativeComparison.images.969",OK,OK,OK,OK,OK,OK,7,11,12,10,7,7
"experimental.relativeComparison.images.970",OK,OK,OK,OK,OK,OK,7,11,14,14,8,8
"experimental.relativeComparison.images.971",OK,OK,OK,OK,OK,OK,11,12,11,13,9,10
"experimental.relativeComparison.images.972",OK,OK,OK,OK,OK,OK,11,12,11,13,9,10
"experimental.relativeComparison.images.973",OK,OK,OK,OK,OK,OK,8,16,16,9,7,7
"experimental.relativeComparison.images.974",OK,OK,OK,OK,OK,OK,6,14,11,10,8,8
"experimental.relativeComparison.images.975",OK,OK,OK,OK,OK,OK,11,12,11,13,9,10
"experimental.relativeComparison.images.976",OK,OK,OK,OK,OK,OK,11,12,11,13,9,10
"experimental.relativeComparison.images.977",OK,OK,OK,OK,OK,OK,7,11,12,10,7,9
"experimental.relativeComparison.instruction",OK,OK,OK,OK,OK,OK,51,72,60,54,47,50
"experimental.relativeComparison.menuSubtitle",OK,OK,OK,OK,OK,OK,29,40,41,38,32,26
"experimental.relativeComparison.remainingLabel",OK,OK,OK,OK,OK,OK,21,21,21,21,19,21
"experimental.relativeComparison.title",OK,OK,OK,OK,OK,OK,34,34,35,38,31,30
"feedback.correctPrefix",OK,OK,OK,OK,OK,OK,12,11,10,10,8,8
"feedback.rightPrefix",OK,OK,OK,OK,OK,OK,16,16,14,15,9,10
"feedback.sentence.correct",OK,OK,OK,OK,OK,OK,32,31,31,29,28,28
"feedback.sentence.wrong",OK,OK,OK,OK,OK,OK,31,33,37,35,29,31
"feedback.wrongPrefix",OK,OK,OK,OK,OK,OK,11,13,17,11,9,8
"fineMotor.activities.coloring.subtitle",OK,OK,OK,OK,OK,OK,23,31,31,30,28,30
"fineMotor.activities.coloring.title",OK,OK,OK,OK,OK,OK,14,15,19,16,12,14
"fineMotor.activities.lineTracing.subtitle",OK,OK,OK,OK,OK,OK,32,32,30,26,24,20
"fineMotor.activities.lineTracing.title",OK,OK,OK,OK,OK,OK,12,19,14,11,11,11
"fineMotor.activities.puzzle.subtitle",OK,OK,OK,OK,OK,OK,39,48,48,51,39,40
"fineMotor.activities.puzzle.title",OK,OK,OK,OK,OK,OK,13,16,13,17,12,12
"fineMotor.activities.rhythm.subtitle",OK,OK,OK,OK,OK,OK,27,33,29,25,23,26
"fineMotor.activities.rhythm.title",OK,OK,OK,OK,OK,OK,16,18,15,12,11,11
"letters.couldNotCreateForLetter",OK,OK,OK,OK,OK,OK,57,75,61,57,49,52
"letters.groups",OK,OK,OK,OK,OK,OK,6,7,7,7,7,7
"letters.letters",OK,OK,OK,OK,OK,OK,7,10,7,7,7,7
"letters.noWordsForGroup",OK,OK,OK,OK,OK,OK,30,39,32,38,31,27
"letters.syllableRestarting",OK,OK,OK,OK,OK,OK,31,38,38,40,38,37
"lineTracing.instruction",OK,OK,OK,OK,OK,OK,51,55,50,45,51,43
"menu.achievements.categories.fineMotor",OK,OK,OK,OK,OK,OK,17,11,14,14,20,25
"menu.achievements.fineMotor.lineTracing",OK,OK,OK,OK,OK,OK,12,19,14,10,11,11
"menu.achievements.fineMotor.rhythmFollowing",OK,OK,OK,OK,OK,OK,16,18,15,12,11,11
"menu.achievements.fineMotor.shapeColoring",OK,OK,OK,OK,OK,OK,14,15,19,16,12,14
"menu.appTitle",OK,OK,OK,OK,OK,OK,25,30,29,29,30,26
"menu.concepts.subtitle",OK,OK,OK,OK,OK,OK,43,41,58,40,44,45
"menu.concepts.title",OK,OK,OK,OK,OK,OK,18,15,21,19,19,21
"menu.fineMotor.developingNote",OK,OK,OK,OK,OK,OK,17,14,16,15,14,10
"menu.fineMotor.subtitle",OK,OK,OK,OK,OK,OK,32,35,34,28,35,34
"menu.fineMotor.title",OK,OK,OK,OK,OK,OK,10,11,14,14,10,13
"menu.hello",OK,OK,OK,OK,OK,OK,5,5,7,5,7,5
"menu.letterSound.subtitle",OK,OK,OK,OK,OK,OK,41,53,49,42,41,41
"menu.letterSound.title",OK,OK,OK,OK,OK,OK,18,20,15,18,14,17
"menu.objects.subtitle",OK,OK,OK,OK,OK,OK,31,31,48,27,46,43
"menu.objects.title",OK,OK,OK,OK,OK,OK,19,18,21,14,19,16
"menu.parentTips.subtitle",OK,OK,OK,OK,OK,OK,28,21,40,26,32,37
"menu.parentTips.title",OK,OK,OK,OK,OK,OK,16,16,25,16,24,28
"menu.random.subtitle",OK,OK,OK,OK,OK,OK,33,45,42,44,34,37
"menu.random.title",OK,OK,OK,OK,OK,OK,11,12,14,18,12,14
"menu.reasoning.subtitle",OK,OK,OK,OK,OK,OK,36,37,47,42,39,39
"menu.reasoning.title",OK,OK,OK,OK,OK,OK,15,21,15,16,13,15
"objects.activityRestarting",OK,OK,OK,OK,OK,OK,29,38,37,35,39,37
"objects.categories.aletler",OK,OK,OK,OK,OK,OK,5,9,6,11,7,7
"objects.categories.animal",OK,OK,OK,OK,OK,OK,7,5,7,6,9,9
"objects.categories.animals",OK,OK,OK,OK,OK,OK,7,5,7,6,9,9
"objects.categories.bina",OK,OK,OK,OK,OK,OK,9,7,9,8,7,7
"objects.categories.bitki",OK,OK,OK,OK,OK,OK,6,8,7,7,8,8
"objects.categories.bitkiler",OK,OK,OK,OK,OK,OK,6,8,7,7,8,8
"objects.categories.body",OK,OK,OK,OK,OK,OK,10,11,16,13,17,15
"objects.categories.bodyParts",OK,OK,OK,OK,OK,OK,10,11,16,13,17,15
"objects.categories.buildings",OK,OK,OK,OK,OK,OK,9,7,9,8,7,7
"objects.categories.clothesAccessories",OK,OK,OK,OK,OK,OK,21,22,24,21,22,23
"objects.categories.clothing",OK,OK,OK,OK,OK,OK,7,8,9,7,8,8
"objects.categories.diger_yiyecekler",OK,OK,OK,OK,OK,OK,11,19,15,13,16,14
"objects.categories.doga_uzay",OK,OK,OK,OK,OK,OK,26,32,31,31,20,27
"objects.categories.doğa olayı",OK,OK,OK,OK,OK,OK,14,15,19,26,13,17
"objects.categories.doğal nesne",OK,OK,OK,OK,OK,OK,15,16,15,20,14,15
"objects.categories.doğal yapı",OK,OK,OK,OK,OK,OK,18,21,21,22,13,17
"objects.categories.drinks",OK,OK,OK,OK,OK,OK,6,8,8,8,9,7
"objects.categories.eglence",OK,OK,OK,OK,OK,OK,13,12,15,9,7,7
"objects.categories.entertainment",OK,OK,OK,OK,OK,OK,13,12,15,9,7,7
"objects.categories.ev",OK,OK,OK,OK,OK,OK,4,7,6,4,2,2
"objects.categories.ev_esya",OK,OK,OK,OK,OK,OK,15,20,15,24,11,11
"objects.categories.ev_esyalari",OK,OK,OK,OK,OK,OK,15,20,17,24,11,11
"objects.categories.ev_yapi_insaat",OK,OK,OK,OK,OK,OK,20,10,22,18,11,13
"objects.categories.food",OK,OK,OK,OK,OK,OK,5,12,8,7,10,8
"objects.categories.fruit",OK,OK,OK,OK,OK,OK,6,7,6,5,8,8
"objects.categories.fruits",OK,OK,OK,OK,OK,OK,6,7,6,5,8,8
"objects.categories.giysi",OK,OK,OK,OK,OK,OK,7,8,9,7,8,8
"objects.categories.giysiler_aksesuarlar",OK,OK,OK,OK,OK,OK,21,22,24,21,22,23
"objects.categories.hayvan",OK,OK,OK,OK,OK,OK,7,5,7,6,9,9
"objects.categories.hayvanlar",OK,OK,OK,OK,OK,OK,7,5,7,6,9,9
"objects.categories.home",OK,OK,OK,OK,OK,OK,4,7,6,4,2,2
"objects.categories.houseConstruction",OK,OK,OK,OK,OK,OK,20,10,22,18,11,13
"objects.categories.householdItems",OK,OK,OK,OK,OK,OK,15,20,17,24,11,11
"objects.categories.household_items",OK,OK,OK,OK,OK,OK,15,20,17,24,11,11
"objects.categories.icecekler",OK,OK,OK,OK,OK,OK,6,8,8,8,9,7
"objects.categories.insan",OK,OK,OK,OK,OK,OK,6,8,9,6,8,8
"objects.categories.kitchen",OK,OK,OK,OK,OK,OK,13,16,21,11,16,20
"objects.categories.kitchenUtensils",OK,OK,OK,OK,OK,OK,13,16,21,11,16,20
"objects.categories.meslekler",OK,OK,OK,OK,OK,OK,11,6,11,8,9,7
"objects.categories.meyve",OK,OK,OK,OK,OK,OK,6,7,6,5,8,8
"objects.categories.meyveler",OK,OK,OK,OK,OK,OK,6,7,6,5,8,8
"objects.categories.musicalInstruments",OK,OK,OK,OK,OK,OK,19,16,22,18,14,15
"objects.categories.musical_instruments",OK,OK,OK,OK,OK,OK,19,16,22,18,14,15
"objects.categories.mutfak",OK,OK,OK,OK,OK,OK,13,16,21,11,15,15
"objects.categories.mutfak_gerecleri",OK,OK,OK,OK,OK,OK,13,16,21,11,16,20
"objects.categories.muzik_aleti",OK,OK,OK,OK,OK,OK,19,16,22,18,14,15
"objects.categories.muzik_aletleri",OK,OK,OK,OK,OK,OK,19,16,22,18,14,15
"objects.categories.naturalEvent",OK,OK,OK,OK,OK,OK,14,15,19,26,13,17
"objects.categories.naturalObject",OK,OK,OK,OK,OK,OK,15,16,15,20,14,15
"objects.categories.naturalSpace",OK,OK,OK,OK,OK,OK,26,32,31,31,20,27
"objects.categories.naturalStructure",OK,OK,OK,OK,OK,OK,18,21,21,22,13,17
"objects.categories.okul_esya",OK,OK,OK,OK,OK,OK,12,16,21,13,13,20
"objects.categories.okul_ofis",OK,OK,OK,OK,OK,OK,21,19,34,24,20,28
"objects.categories.okul_ofis_gerecleri",OK,OK,OK,OK,OK,OK,21,19,34,24,20,28
"objects.categories.otherFoods",OK,OK,OK,OK,OK,OK,11,19,15,13,16,14
"objects.categories.oyuncak",OK,OK,OK,OK,OK,OK,4,9,6,9,10,10
"objects.categories.oyuncaklar",OK,OK,OK,OK,OK,OK,4,9,6,9,10,10
"objects.categories.people",OK,OK,OK,OK,OK,OK,6,8,9,6,8,8
"objects.categories.places",OK,OK,OK,OK,OK,OK,6,4,5,8,6,8
"objects.categories.placesRooms",OK,OK,OK,OK,OK,OK,14,12,15,17,15,19
"objects.categories.plants",OK,OK,OK,OK,OK,OK,6,8,7,7,8,8
"objects.categories.profession",OK,OK,OK,OK,OK,OK,11,6,11,8,9,7
"objects.categories.professions",OK,OK,OK,OK,OK,OK,11,6,11,8,9,7
"objects.categories.schoolOffice",OK,OK,OK,OK,OK,OK,21,19,34,24,20,28
"objects.categories.schoolSupplies",OK,OK,OK,OK,OK,OK,12,16,21,13,13,20
"objects.categories.sebze",OK,OK,OK,OK,OK,OK,10,6,7,8,8,10
"objects.categories.sebzeler",OK,OK,OK,OK,OK,OK,10,6,7,8,8,10
"objects.categories.space",OK,OK,OK,OK,OK,OK,5,8,6,6,4,6
"objects.categories.tamir_aleti",OK,OK,OK,OK,OK,OK,5,9,6,11,14,14
"objects.categories.tasitlar",OK,OK,OK,OK,OK,OK,8,9,9,10,8,20
"objects.categories.tools",OK,OK,OK,OK,OK,OK,5,9,6,11,7,7
"objects.categories.toys",OK,OK,OK,OK,OK,OK,4,9,6,9,10,10
"objects.categories.toys_games",OK,OK,OK,OK,OK,OK,4,9,6,9,10,10
"objects.categories.transportation",OK,OK,OK,OK,OK,OK,14,9,10,7,8,20
"objects.categories.ulasim",OK,OK,OK,OK,OK,OK,14,9,10,7,6,9
"objects.categories.uzay",OK,OK,OK,OK,OK,OK,5,8,6,6,4,6
"objects.categories.vegetable",OK,OK,OK,OK,OK,OK,10,6,7,8,8,10
"objects.categories.vegetables",OK,OK,OK,OK,OK,OK,10,6,7,8,8,10
"objects.categories.vehicles",OK,OK,OK,OK,OK,OK,8,9,9,10,8,20
"objects.categories.vucudun_bolumleri",OK,OK,OK,OK,OK,OK,10,11,16,13,17,15
"objects.categories.vücut",OK,OK,OK,OK,OK,OK,10,11,16,13,9,15
"objects.categories.yer",OK,OK,OK,OK,OK,OK,6,4,5,8,6,8
"objects.categories.yerler_odalar",OK,OK,OK,OK,OK,OK,14,12,15,17,15,19
"objects.categories.yiyecek",OK,OK,OK,OK,OK,OK,5,12,8,7,10,8
"objects.noTestForCategory",OK,OK,OK,OK,OK,OK,42,53,49,40,37,41
"parentReport.attemptsLabel",OK,OK,OK,OK,OK,OK,8,8,6,8,6,4
"parentReport.bestPerforming",OK,OK,OK,OK,OK,OK,31,41,34,31,26,26
"parentReport.errorLabel",OK,OK,OK,OK,OK,OK,5,6,6,4,4,4
"parentReport.fullReport",OK,OK,OK,OK,OK,OK,20,31,29,28,19,22
"parentReport.goBackAria",OK,OK,OK,OK,OK,OK,7,6,7,5,8,10
"parentReport.mostChallenging",OK,OK,OK,OK,OK,OK,26,44,37,40,27,35
"parentReport.noChallengesFound",OK,OK,OK,OK,OK,OK,48,61,42,45,53,53
"parentReport.noRecentActivities",OK,OK,OK,OK,OK,OK,28,37,41,31,32,37
"parentReport.noSuccessDataYet",OK,OK,OK,OK,OK,OK,61,76,80,76,63,68
"parentReport.recentActivities",OK,OK,OK,OK,OK,OK,17,20,18,20,15,16
"parentReport.recommendationFocusOn",OK,OK,OK,OK,OK,OK,95,96,121,104,95,105
"parentReport.recommendationGeneral",OK,OK,OK,OK,OK,OK,115,143,110,108,126,127
"parentReport.recommendationModel",OK,OK,OK,OK,OK,OK,96,112,97,102,91,96
"parentReport.recommendationReinforce",OK,OK,OK,OK,OK,OK,125,141,127,130,128,138
"parentReport.recommendations",OK,OK,OK,OK,OK,OK,15,12,15,13,8,10
"parentReport.successLabel",OK,OK,OK,OK,OK,OK,7,6,6,6,6,4
"parentReport.title",OK,OK,OK,OK,OK,OK,15,19,22,17,14,16
"parentReport.viewAchievementsAria",OK,OK,OK,OK,OK,OK,17,15,15,17,21,17
"parentTips.communication.text",OK,OK,OK,OK,OK,OK,91,94,109,94,127,132
"parentTips.communication.title",OK,OK,OK,OK,OK,OK,19,20,23,19,17,17
"parentTips.customize.text",OK,OK,OK,OK,OK,OK,126,181,190,165,158,170
"parentTips.customize.title",OK,OK,OK,OK,OK,OK,20,20,27,22,25,27
"parentTips.extra.practice.text",OK,OK,OK,OK,OK,OK,109,115,120,113,100,111
"parentTips.extra.practice.title",OK,OK,OK,OK,OK,OK,20,18,27,23,24,22
"parentTips.extra.title",OK,OK,OK,OK,OK,OK,10,13,24,10,11,17
"parentTips.guide",OK,OK,OK,OK,OK,OK,9,13,22,8,16,16
"parentTips.learnTogether.text",OK,OK,OK,OK,OK,OK,219,211,220,201,219,219
"parentTips.learnTogether.title",OK,OK,OK,OK,OK,OK,14,16,18,11,16,16
"parentTips.profile.text",OK,OK,OK,OK,OK,OK,204,205,226,209,221,218
"parentTips.profile.title",OK,OK,OK,OK,OK,OK,29,27,31,25,27,33
"parentTips.progress.achievements.text",OK,OK,OK,OK,OK,OK,105,122,116,108,112,116
"parentTips.progress.achievements.title",OK,OK,OK,OK,OK,OK,16,11,16,18,18,20
"parentTips.progress.report.text",OK,OK,OK,OK,OK,OK,78,80,86,77,65,62
"parentTips.progress.report.title",OK,OK,OK,OK,OK,OK,15,19,22,17,15,16
"parentTips.progress.title",OK,OK,OK,OK,OK,OK,14,21,18,19,21,17
"parentTips.randomMode.text",OK,OK,OK,OK,OK,OK,110,122,133,138,131,136
"parentTips.randomMode.title",OK,OK,OK,OK,OK,OK,15,25,25,26,21,24
"parentTips.settings.ban.text",OK,OK,OK,OK,OK,OK,122,167,161,170,173,194
"parentTips.settings.ban.title",OK,OK,OK,OK,OK,OK,9,14,16,20,15,16
"parentTips.settings.fastMode.text",OK,OK,OK,OK,OK,OK,60,71,71,60,75,77
"parentTips.settings.fastMode.title",OK,OK,OK,OK,OK,OK,9,12,11,12,9,13
"parentTips.settings.themed.text",OK,OK,OK,OK,OK,OK,110,126,145,134,126,130
"parentTips.settings.themed.title",OK,OK,OK,OK,OK,OK,9,17,17,15,13,16
"parentTips.settings.title",OK,OK,OK,OK,OK,OK,16,23,23,22,17,22
"questions.q_does_this_have_sound",OK,OK,OK,OK,OK,OK,23,23,31,17,18,17
"questions.q_put_apple_right_of_basket",OK,OK,OK,OK,OK,OK,41,31,34,32,26,26
"questions.q_put_ball_in_box",OK,OK,OK,OK,OK,OK,28,27,28,22,23,23
"questions.q_put_book_on_table",OK,OK,OK,OK,OK,OK,26,28,27,22,26,26
"questions.q_put_car_left_of_house",OK,OK,OK,OK,OK,OK,37,31,39,31,24,23
"questions.q_put_shoe_under_bed",OK,OK,OK,OK,OK,OK,27,32,30,28,30,33
"questions.q_what_after_socks",OK,OK,OK,OK,OK,OK,28,34,40,32,26,28
"questions.q_what_brush_teeth_with",OK,OK,OK,OK,OK,OK,32,30,36,31,30,32
"questions.q_what_color_picture_with",OK,OK,OK,OK,OK,OK,36,29,34,31,21,25
"questions.q_what_eat_pasta_with",OK,OK,OK,OK,OK,OK,28,27,32,22,23,24
"questions.q_what_eat_soup_with",OK,OK,OK,OK,OK,OK,27,26,31,21,22,22
"questions.q_what_hammer_nail_with",OK,OK,OK,OK,OK,OK,34,28,32,33,21,23
"questions.q_what_open_door_with",OK,OK,OK,OK,OK,OK,32,25,31,26,21,21
"questions.q_what_write_paper_with",OK,OK,OK,OK,OK,OK,31,31,34,31,22,22
"questions.q_where_put_money",OK,OK,OK,OK,OK,OK,22,26,26,28,22,18
"questions.q_where_use_pillow",OK,OK,OK,OK,OK,OK,27,27,28,29,26,31
"questions.q_which_are_beside",OK,OK,OK,OK,OK,OK,22,26,27,24,19,21
"questions.q_which_are_grapes_person",OK,OK,OK,OK,OK,OK,35,35,35,35,35,35
"questions.q_which_are_opposite",OK,OK,OK,OK,OK,OK,24,29,23,28,24,26
"questions.q_which_faces_left",OK,OK,OK,OK,OK,OK,21,26,25,23,21,17
"questions.q_which_faces_right",OK,OK,OK,OK,OK,OK,22,27,25,24,21,17
"questions.q_which_is_above",OK,OK,OK,OK,OK,OK,19,17,20,15,17,18
"questions.q_which_is_after",OK,OK,OK,OK,OK,OK,19,20,18,16,14,17
"questions.q_which_is_alive",OK,OK,OK,OK,OK,OK,19,21,19,16,14,15
"questions.q_which_is_alive_person",OK,OK,OK,OK,OK,OK,19,21,19,16,14,15
"questions.q_which_is_apple_person",OK,OK,OK,OK,OK,OK,33,33,33,33,33,33
"questions.q_which_is_arm_person",OK,OK,OK,OK,OK,OK,31,31,31,31,31,31
"questions.q_which_is_astronaut_person",OK,OK,OK,OK,OK,OK,37,37,37,37,37,37
"questions.q_which_is_baby_person",OK,OK,OK,OK,OK,OK,32,32,32,32,32,32
"questions.q_which_is_bagel_person",OK,OK,OK,OK,OK,OK,33,33,33,33,33,33
"questions.q_which_is_barber_person",OK,OK,OK,OK,OK,OK,34,34,34,34,34,34
"questions.q_which_is_bee_person",OK,OK,OK,OK,OK,OK,31,31,31,31,31,31
"questions.q_which_is_before",OK,OK,OK,OK,OK,OK,20,19,18,18,13,17
"questions.q_which_is_before_person",OK,OK,OK,OK,OK,OK,20,19,18,18,13,17
"questions.q_which_is_behind",OK,OK,OK,OK,OK,OK,20,19,21,16,15,16
"questions.q_which_is_below",OK,OK,OK,OK,OK,OK,19,18,19,17,16,17
"questions.q_which_is_between",OK,OK,OK,OK,OK,OK,21,21,18,16,17,18
"questions.q_which_is_big",OK,OK,OK,OK,OK,OK,17,17,18,15,14,15
"questions.q_which_is_big_person",OK,OK,OK,OK,OK,OK,17,17,18,15,14,15
"questions.q_which_is_bird_person",OK,OK,OK,OK,OK,OK,32,32,32,32,32,32
"questions.q_which_is_bitter",OK,OK,OK,OK,OK,OK,20,19,17,16,12,13
"questions.q_which_is_bitter_person",OK,OK,OK,OK,OK,OK,20,19,17,16,12,13
"questions.q_which_is_blunt",OK,OK,OK,OK,OK,OK,19,19,20,15,12,13
"questions.q_which_is_broccoli_person",OK,OK,OK,OK,OK,OK,36,36,36,36,36,36
"questions.q_which_is_broken",OK,OK,OK,OK,OK,OK,20,19,18,15,14,15
"questions.q_which_is_butterfly_person",OK,OK,OK,OK,OK,OK,37,37,37,37,37,37
"questions.q_which_is_cabbage_person",OK,OK,OK,OK,OK,OK,35,35,35,35,35,35
"questions.q_which_is_cactus_person",OK,OK,OK,OK,OK,OK,34,34,34,34,34,34
"questions.q_which_is_carrot_person",OK,OK,OK,OK,OK,OK,34,34,34,34,34,34
"questions.q_which_is_cat_person",OK,OK,OK,OK,OK,OK,31,31,31,31,31,31
"questions.q_which_is_cauliflower_person",OK,OK,OK,OK,OK,OK,39,39,39,39,39,39
"questions.q_which_is_chef_person",OK,OK,OK,OK,OK,OK,32,32,32,32,32,32
"questions.q_which_is_cherry_person",OK,OK,OK,OK,OK,OK,34,34,34,34,34,34
"questions.q_which_is_clean",OK,OK,OK,OK,OK,OK,19,19,19,16,14,15
"questions.q_which_is_clean_person",OK,OK,OK,OK,OK,OK,19,19,19,16,14,15
"questions.q_which_is_closed",OK,OK,OK,OK,OK,OK,20,24,18,18,15,15
"questions.q_which_is_closed_person",OK,OK,OK,OK,OK,OK,20,24,18,18,15,15
"questions.q_which_is_cold",OK,OK,OK,OK,OK,OK,18,17,18,14,14,15
"questions.q_which_is_color",OK,OK,OK,OK,OK,OK,21,20,20,17,16,24
"questions.q_which_is_corn_person",OK,OK,OK,OK,OK,OK,32,32,32,32,32,32
"questions.q_which_is_cotton_person",OK,OK,OK,OK,OK,OK,34,34,34,34,34,34
"questions.q_which_is_crowded",OK,OK,OK,OK,OK,OK,21,22,18,14,18,19
"questions.q_which_is_curved",OK,OK,OK,OK,OK,OK,20,20,19,17,13,14
"questions.q_which_is_daisy_person",OK,OK,OK,OK,OK,OK,33,33,33,33,33,33
"questions.q_which_is_day",OK,OK,OK,OK,OK,OK,17,16,27,16,15,16
"questions.q_which_is_day_person",OK,OK,OK,OK,OK,OK,17,16,27,16,15,16
"questions.q_which_is_deep",OK,OK,OK,OK,OK,OK,18,17,20,14,14,15
"questions.q_which_is_different",OK,OK,OK,OK,OK,OK,23,19,22,16,15,16
"questions.q_which_is_different_person",OK,OK,OK,OK,OK,OK,23,19,22,16,15,16
"questions.q_which_is_dirty",OK,OK,OK,OK,OK,OK,19,22,17,14,14,16
"questions.q_which_is_doctor_person",OK,OK,OK,OK,OK,OK,34,34,34,34,34,34
"questions.q_which_is_dry",OK,OK,OK,OK,OK,OK,17,20,16,15,13,14
"questions.q_which_is_dry_person",OK,OK,OK,OK,OK,OK,17,20,16,15,13,14
"questions.q_which_is_duck_person",OK,OK,OK,OK,OK,OK,32,32,32,32,32,32
"questions.q_which_is_ear_person",OK,OK,OK,OK,OK,OK,31,31,31,31,31,31
"questions.q_which_is_eggplant_person",OK,OK,OK,OK,OK,OK,36,36,36,36,36,36
"questions.q_which_is_elephant_person",OK,OK,OK,OK,OK,OK,36,36,36,36,36,36
"questions.q_which_is_even",OK,OK,OK,OK,OK,OK,18,19,17,14,13,13
"questions.q_which_is_eye_person",OK,OK,OK,OK,OK,OK,31,31,31,31,31,31
"questions.q_which_is_family_person",OK,OK,OK,OK,OK,OK,34,34,34,34,34,34
"questions.q_which_is_far",OK,OK,OK,OK,OK,OK,17,17,17,13,13,14
"questions.q_which_is_farmer_person",OK,OK,OK,OK,OK,OK,34,34,34,34,34,34
"questions.q_which_is_fast",OK,OK,OK,OK,OK,OK,18,20,19,14,14,17
"questions.q_which_is_feather_person",OK,OK,OK,OK,OK,OK,35,35,35,35,35,35
"questions.q_which_is_few",OK,OK,OK,OK,OK,OK,18,19,17,22,11,15
"questions.q_which_is_few_person",OK,OK,OK,OK,OK,OK,18,19,17,22,11,15
"questions.q_which_is_firefighter_person",OK,OK,OK,OK,OK,OK,39,39,39,39,39,39
"questions.q_which_is_fish_person",OK,OK,OK,OK,OK,OK,32,32,32,32,32,32
"questions.q_which_is_foot_person",OK,OK,OK,OK,OK,OK,32,32,32,32,32,32
"questions.q_which_is_fresh",OK,OK,OK,OK,OK,OK,19,19,18,14,13,14
"questions.q_which_is_full",OK,OK,OK,OK,OK,OK,18,17,21,19,13,13
"questions.q_which_is_giraffe_person",OK,OK,OK,OK,OK,OK,35,35,35,35,35,35
"questions.q_which_is_grandfather_person",OK,OK,OK,OK,OK,OK,39,39,39,39,39,39
"questions.q_which_is_grandmother_person",OK,OK,OK,OK,OK,OK,39,39,39,39,39,39
"questions.q_which_is_grass_person",OK,OK,OK,OK,OK,OK,33,33,33,33,33,33
"questions.q_which_is_hair_person",OK,OK,OK,OK,OK,OK,32,32,32,32,32,32
"questions.q_which_is_hand_person",OK,OK,OK,OK,OK,OK,32,32,32,32,32,32
"questions.q_which_is_hard",OK,OK,OK,OK,OK,OK,18,17,16,14,13,14
"questions.q_which_is_hard_person",OK,OK,OK,OK,OK,OK,18,17,16,14,13,14
"questions.q_which_is_hardworking",OK,OK,OK,OK,OK,OK,25,20,24,21,17,18
"questions.q_which_is_heavy",OK,OK,OK,OK,OK,OK,19,19,18,15,13,14
"questions.q_which_is_higher",OK,OK,OK,OK,OK,OK,20,18,22,15,15,18
"questions.q_which_is_hot",OK,OK,OK,OK,OK,OK,17,17,18,14,14,14
"questions.q_which_is_hungry",OK,OK,OK,OK,OK,OK,20,20,15,19,11,12
"questions.q_which_is_hungry_person",OK,OK,OK,OK,OK,OK,20,20,15,19,11,12
"questions.q_which_is_ice_person",OK,OK,OK,OK,OK,OK,31,31,31,31,31,31
"questions.q_which_is_in_front",OK,OK,OK,OK,OK,OK,22,18,19,14,13,14
"questions.q_which_is_inside",OK,OK,OK,OK,OK,OK,20,18,26,16,16,17
"questions.q_which_is_intact",OK,OK,OK,OK,OK,OK,20,17,19,14,15,16
"questions.q_which_is_king_person",OK,OK,OK,OK,OK,OK,32,32,32,32,32,32
"questions.q_which_is_kite_person",OK,OK,OK,OK,OK,OK,32,32,32,32,32,32
"questions.q_which_is_knotted",OK,OK,OK,OK,OK,OK,21,22,17,18,16,17
"questions.q_which_is_lazy",OK,OK,OK,OK,OK,OK,18,17,22,13,15,16
"questions.q_which_is_lazy_person",OK,OK,OK,OK,OK,OK,18,17,22,13,15,16
"questions.q_which_is_leaf_person",OK,OK,OK,OK,OK,OK,32,32,32,32,32,32
"questions.q_which_is_left",OK,OK,OK,OK,OK,OK,26,26,25,23,21,17
"questions.q_which_is_leg_person",OK,OK,OK,OK,OK,OK,31,31,31,31,31,31
"questions.q_which_is_lemon_person",OK,OK,OK,OK,OK,OK,33,33,33,33,33,33
"questions.q_which_is_lettuce_person",OK,OK,OK,OK,OK,OK,35,35,35,35,35,35
"questions.q_which_is_lifeless",OK,OK,OK,OK,OK,OK,22,19,21,19,15,16
"questions.q_which_is_light",OK,OK,OK,OK,OK,OK,19,19,18,15,14,16
"questions.q_which_is_lion_person",OK,OK,OK,OK,OK,OK,32,32,32,32,32,32
"questions.q_which_is_long",OK,OK,OK,OK,OK,OK,18,17,17,14,13,14
"questions.q_which_is_long_person",OK,OK,OK,OK,OK,OK,18,17,17,14,13,14
"questions.q_which_is_lower",OK,OK,OK,OK,OK,OK,19,22,21,15,14,17
"questions.q_which_is_many",OK,OK,OK,OK,OK,OK,19,18,22,20,12,16
"questions.q_which_is_matte",OK,OK,OK,OK,OK,OK,19,17,16,13,12,13
"questions.q_which_is_melon_person",OK,OK,OK,OK,OK,OK,33,33,33,33,33,33
"questions.q_which_is_messy",OK,OK,OK,OK,OK,OK,19,25,24,18,16,17
"questions.q_which_is_mouth_person",OK,OK,OK,OK,OK,OK,33,33,33,33,33,33
"questions.q_which_is_narrow",OK,OK,OK,OK,OK,OK,20,19,19,14,12,13
"questions.q_which_is_near",OK,OK,OK,OK,OK,OK,18,16,19,18,14,15
"questions.q_which_is_new",OK,OK,OK,OK,OK,OK,17,16,20,15,13,14
"questions.q_which_is_night",OK,OK,OK,OK,OK,OK,19,18,27,18,13,14
"questions.q_which_is_noisy",OK,OK,OK,OK,OK,OK,19,17,20,21,18,19
"questions.q_which_is_noisy_person",OK,OK,OK,OK,OK,OK,19,17,20,21,18,19
"questions.q_which_is_notebook_person",OK,OK,OK,OK,OK,OK,36,36,36,36,36,36
"questions.q_which_is_nurse_person",OK,OK,OK,OK,OK,OK,33,33,33,33,33,33
"questions.q_which_is_object",OK,OK,OK,OK,OK,OK,24,23,20,22,14,14
"questions.q_which_is_odd",OK,OK,OK,OK,OK,OK,17,21,19,16,12,13
"questions.q_which_is_old",OK,OK,OK,OK,OK,OK,17,16,18,13,13,15
"questions.q_which_is_old_person",OK,OK,OK,OK,OK,OK,17,16,18,13,14,15
"questions.q_which_is_on",OK,OK,OK,OK,OK,OK,20,17,22,17,16,17
"questions.q_which_is_on_person",OK,OK,OK,OK,OK,OK,20,17,22,17,16,17
"questions.q_which_is_onion_person",OK,OK,OK,OK,OK,OK,33,33,33,33,33,33
"questions.q_which_is_opaque",OK,OK,OK,OK,OK,OK,20,27,19,23,13,22
"questions.q_which_is_open",OK,OK,OK,OK,OK,OK,18,18,19,14,13,14
"questions.q_which_is_open_person",OK,OK,OK,OK,OK,OK,18,18,19,14,13,14
"questions.q_which_is_orange_person",OK,OK,OK,OK,OK,OK,34,34,34,34,34,34
"questions.q_which_is_outside",OK,OK,OK,OK,OK,OK,21,18,26,16,17,17
"questions.q_which_is_peach_person",OK,OK,OK,OK,OK,OK,33,33,33,33,33,33
"questions.q_which_is_pear_person",OK,OK,OK,OK,OK,OK,32,32,32,32,32,32
"questions.q_which_is_pepper_person",OK,OK,OK,OK,OK,OK,34,34,34,34,34,34
"questions.q_which_is_pilot_person",OK,OK,OK,OK,OK,OK,33,33,33,33,33,33
"questions.q_which_is_pineapple_person",OK,OK,OK,OK,OK,OK,37,37,37,37,37,37
"questions.q_which_is_pointed",OK,OK,OK,OK,OK,OK,21,18,19,16,14,13
"questions.q_which_is_postman_person",OK,OK,OK,OK,OK,OK,35,35,35,35,35,35
"questions.q_which_is_potato_person",OK,OK,OK,OK,OK,OK,34,34,34,34,34,34
"questions.q_which_is_queen_person",OK,OK,OK,OK,OK,OK,33,33,33,33,33,33
"questions.q_which_is_quiet",OK,OK,OK,OK,OK,OK,19,18,23,14,15,15
"questions.q_which_is_rabbit_person",OK,OK,OK,OK,OK,OK,34,34,34,34,34,34
"questions.q_which_is_right",OK,OK,OK,OK,OK,OK,27,27,25,24,21,17
"questions.q_which_is_rough",OK,OK,OK,OK,OK,OK,19,16,20,13,16,15
"questions.q_which_is_rough_person",OK,OK,OK,OK,OK,OK,19,16,20,13,16,15
"questions.q_which_is_satiated_person",OK,OK,OK,OK,OK,OK,18,17,21,19,12,13
"questions.q_which_is_shallow",OK,OK,OK,OK,OK,OK,21,18,24,16,12,15
"questions.q_which_is_shape",OK,OK,OK,OK,OK,OK,21,20,20,17,16,25
"questions.q_which_is_shiny",OK,OK,OK,OK,OK,OK,19,21,21,18,15,16
"questions.q_which_is_short",OK,OK,OK,OK,OK,OK,19,17,18,14,13,14
"questions.q_which_is_slow",OK,OK,OK,OK,OK,OK,18,20,17,15,14,15
"questions.q_which_is_small",OK,OK,OK,OK,OK,OK,19,18,18,15,14,15
"questions.q_which_is_smooth",OK,OK,OK,OK,OK,OK,20,18,18,14,17,15
"questions.q_which_is_snow_person",OK,OK,OK,OK,OK,OK,32,32,32,32,32,32
"questions.q_which_is_soft",OK,OK,OK,OK,OK,OK,18,18,16,15,16,16
"questions.q_which_is_sour",OK,OK,OK,OK,OK,OK,18,18,18,14,13,14
"questions.q_which_is_sparse",OK,OK,OK,OK,OK,OK,20,25,22,17,14,16
"questions.q_which_is_stale",OK,OK,OK,OK,OK,OK,19,22,19,13,14,15
"questions.q_which_is_stone_person",OK,OK,OK,OK,OK,OK,33,33,33,33,33,33
"questions.q_which_is_straight",OK,OK,OK,OK,OK,OK,22,19,18,15,12,13
"questions.q_which_is_strawberry_person",OK,OK,OK,OK,OK,OK,38,38,38,38,38,38
"questions.q_which_is_sweet",OK,OK,OK,OK,OK,OK,19,16,18,14,14,15
"questions.q_which_is_teacher_person",OK,OK,OK,OK,OK,OK,35,35,35,35,35,35
"questions.q_which_is_thick",OK,OK,OK,OK,OK,OK,19,17,18,13,14,15
"questions.q_which_is_thin",OK,OK,OK,OK,OK,OK,18,17,18,13,13,15
"questions.q_which_is_thorny",OK,OK,OK,OK,OK,OK,20,19,20,17,16,17
"questions.q_which_is_thorny_person",OK,OK,OK,OK,OK,OK,20,19,20,17,16,17
"questions.q_which_is_tidy",OK,OK,OK,OK,OK,OK,18,23,23,16,16,18
"questions.q_which_is_tomato_person",OK,OK,OK,OK,OK,OK,34,34,34,34,34,34
"questions.q_which_is_tongue_person",OK,OK,OK,OK,OK,OK,34,34,34,34,34,34
"questions.q_which_is_transparent",OK,OK,OK,OK,OK,OK,25,25,24,21,15,16
"questions.q_which_is_tree_person",OK,OK,OK,OK,OK,OK,32,32,32,32,32,32
"questions.q_which_is_tree_trunk_person",OK,OK,OK,OK,OK,OK,38,38,38,38,38,38
"questions.q_which_is_tulip_person",OK,OK,OK,OK,OK,OK,33,33,33,33,33,33
"questions.q_which_is_turtle_person",OK,OK,OK,OK,OK,OK,34,34,34,34,34,34
"questions.q_which_is_under",OK,OK,OK,OK,OK,OK,24,18,23,17,16,17
"questions.q_which_is_untied",OK,OK,OK,OK,OK,OK,20,19,19,21,14,17
"questions.q_which_is_upright",OK,OK,OK,OK,OK,OK,21,21,18,17,17,13
"questions.q_which_is_upright_person",OK,OK,OK,OK,OK,OK,21,21,18,17,17,13
"questions.q_which_is_upsidedown",OK,OK,OK,OK,OK,OK,25,25,23,23,18,14
"questions.q_which_is_upsidedown_person",OK,OK,OK,OK,OK,OK,25,25,23,23,18,14
"questions.q_which_is_waiter_person",OK,OK,OK,OK,OK,OK,34,34,34,34,34,34
"questions.q_which_is_waterfall_person",OK,OK,OK,OK,OK,OK,37,37,37,37,37,37
"questions.q_which_is_watermelon_person",OK,OK,OK,OK,OK,OK,38,38,38,38,38,38
"questions.q_which_is_wet",OK,OK,OK,OK,OK,OK,17,17,20,13,14,13
"questions.q_which_is_wet_person",OK,OK,OK,OK,OK,OK,17,17,20,13,14,13
"questions.q_which_is_wide",OK,OK,OK,OK,OK,OK,18,18,18,15,14,15
"questions.q_which_is_wrinkled",OK,OK,OK,OK,OK,OK,22,19,20,19,16,17
"questions.q_which_is_young",OK,OK,OK,OK,OK,OK,19,17,18,14,13,14
"questions.q_which_is_young_person",OK,OK,OK,OK,OK,OK,19,17,18,14,13,14
"questions.q_which_sense_see_person",OK,OK,OK,OK,OK,OK,34,34,34,34,34,34
"reasoning.activities.causeEffect.subtitle",OK,OK,OK,OK,OK,OK,29,39,42,35,31,32
"reasoning.activities.causeEffect.title",OK,OK,OK,OK,OK,OK,16,19,14,17,13,15
"reasoning.activities.dragAndDropCounting.subtitle",OK,OK,OK,OK,OK,OK,34,30,35,39,27,39
"reasoning.activities.dragAndDropCounting.title",OK,OK,OK,OK,OK,OK,12,15,19,20,14,22
"reasoning.activities.dragAndDropPositioning.subtitle",OK,OK,OK,OK,OK,OK,32,38,29,35,28,22
"reasoning.activities.dragAndDropPositioning.title",OK,OK,OK,OK,OK,OK,14,15,15,13,14,14
"reasoning.activities.functionalMatching.subtitle",OK,OK,OK,OK,OK,OK,23,34,35,23,31,40
"reasoning.activities.functionalMatching.title",OK,OK,OK,OK,OK,OK,19,21,25,19,19,24
"reasoning.activities.memoryCards.instruction",OK,OK,OK,OK,OK,OK,51,55,60,49,45,43
"reasoning.activities.memoryCards.memorizeTitle",OK,OK,OK,OK,OK,OK,9,7,10,10,8,8
"reasoning.activities.memoryCards.playTitle",OK,OK,OK,OK,OK,OK,14,15,17,13,9,8
"reasoning.activities.memoryCards.remainingLabel",OK,OK,OK,OK,MISSING,OK,21,21,21,21,,21
"reasoning.activities.memoryCards.subtitle",OK,OK,OK,OK,OK,OK,19,21,34,27,19,18
"reasoning.activities.memoryCards.title",OK,OK,OK,OK,OK,OK,12,11,14,15,15,15
"reasoning.activities.patternCompletion.subtitle",OK,OK,OK,OK,OK,OK,22,28,25,25,24,25
"reasoning.activities.patternCompletion.title",OK,OK,OK,OK,OK,OK,18,23,20,17,16,16
"reasoning.activities.sequencingStories.subtitle",OK,OK,OK,OK,OK,OK,22,49,30,37,25,26
"reasoning.activities.sequencingStories.title",OK,OK,OK,OK,OK,OK,16,18,22,16,13,18
"reasoning.activities.sudoku.subtitle",OK,OK,OK,OK,OK,OK,26,23,28,27,21,21
"reasoning.activities.sudoku.title",OK,OK,OK,OK,OK,OK,14,13,15,16,13,14
"reasoning.activities.whatDoesntBelong.subtitle",OK,OK,OK,OK,OK,OK,25,27,32,27,18,24
"reasoning.activities.whatDoesntBelong.title",OK,OK,OK,OK,OK,OK,11,16,26,24,15,21
"reasoning.causeEffect.rounds.1.question",OK,OK,OK,OK,OK,OK,28,31,33,27,26,24
"reasoning.causeEffect.rounds.10.question",OK,OK,OK,OK,OK,OK,25,25,36,30,22,27
"reasoning.causeEffect.rounds.11.question",OK,OK,OK,OK,OK,OK,31,35,39,32,23,22
"reasoning.causeEffect.rounds.12.question",OK,OK,OK,OK,OK,OK,23,22,33,21,18,19
"reasoning.causeEffect.rounds.13.question",OK,OK,OK,OK,OK,OK,34,38,41,37,23,23
"reasoning.causeEffect.rounds.14.question",OK,OK,OK,OK,OK,OK,40,45,45,42,25,23
"reasoning.causeEffect.rounds.15.question",OK,OK,OK,OK,OK,OK,33,38,43,39,22,22
"reasoning.causeEffect.rounds.2.question",OK,OK,OK,OK,OK,OK,24,19,29,17,20,21
"reasoning.causeEffect.rounds.3.question",OK,OK,OK,OK,OK,OK,24,25,24,28,14,14
"reasoning.causeEffect.rounds.4.question",OK,OK,OK,OK,OK,OK,26,30,34,32,23,25
"reasoning.causeEffect.rounds.5.question",OK,OK,OK,OK,OK,OK,30,39,45,38,24,22
"reasoning.causeEffect.rounds.6.question",OK,OK,OK,OK,OK,OK,23,21,34,21,17,14
"reasoning.causeEffect.rounds.7.question",OK,OK,OK,OK,OK,OK,47,60,56,56,30,31
"reasoning.causeEffect.rounds.8.question",OK,OK,OK,OK,OK,OK,30,35,33,30,23,25
"reasoning.causeEffect.rounds.9.question",OK,OK,OK,OK,OK,OK,32,40,34,39,24,21
"reasoning.title",OK,OK,OK,OK,OK,OK,15,21,15,16,13,15
"rhythmFollowing.fail",OK,OK,OK,OK,OK,OK,10,18,10,21,12,18
"rhythmFollowing.go",OK,OK,OK,OK,OK,OK,10,13,16,22,11,16
"rhythmFollowing.instruction",OK,OK,OK,OK,OK,OK,64,72,75,69,53,63
"rhythmFollowing.watch",OK,OK,OK,OK,OK,OK,23,33,26,26,16,22
"settings.language",OK,OK,OK,OK,OK,OK,8,7,6,4,3,3
"settings.languageAutoNote",OK,OK,OK,OK,OK,OK,150,210,229,189,167,154
"settings.languageNote",OK,OK,OK,OK,OK,OK,45,63,69,54,43,50
"settings.languageSubtitle",OK,OK,OK,OK,OK,OK,29,40,46,28,22,21
"settingsEx.about.title",OK,OK,OK,OK,OK,OK,5,4,8,4,8,8
"settingsEx.activityManagement.title",OK,OK,OK,OK,OK,OK,19,20,21,18,17,21
"settingsEx.autoSpeak.subtitle",OK,OK,OK,OK,OK,OK,32,36,39,37,23,24
"settingsEx.autoSpeak.title",OK,OK,OK,OK,OK,OK,10,20,19,21,20,21
"settingsEx.backToSettingsAria",OK,OK,OK,OK,OK,OK,19,27,22,23,12,23
"settingsEx.banButton.subtitle",OK,OK,OK,OK,OK,OK,22,34,26,25,28,31
"settingsEx.banButton.title",OK,OK,OK,OK,OK,OK,16,29,21,27,16,24
"settingsEx.content.title",OK,OK,OK,OK,OK,OK,16,20,21,19,15,19
"settingsEx.data.title",OK,OK,OK,OK,OK,OK,15,15,19,14,13,19
"settingsEx.fastMode.subtitle",OK,OK,OK,OK,OK,OK,21,22,24,19,21,23
"settingsEx.fastMode.title",OK,OK,OK,OK,OK,OK,9,12,11,12,9,13
"settingsEx.general.title",OK,OK,OK,OK,OK,OK,16,24,19,21,13,17
"settingsEx.manageBanned.subtitle",OK,OK,OK,OK,OK,OK,23,27,27,34,29,40
"settingsEx.manageBanned.title",OK,OK,OK,OK,OK,OK,20,26,24,30,24,34
"settingsEx.mute.subtitle",OK,OK,OK,OK,OK,OK,20,22,23,26,19,22
"settingsEx.mute.title",OK,OK,OK,OK,OK,OK,9,10,9,12,10,12
"settingsEx.premium.cta",OK,OK,OK,OK,OK,OK,20,28,34,24,25,25
"settingsEx.premium.desc",OK,OK,OK,OK,OK,OK,103,85,145,145,129,135
"settingsEx.premium.title",OK,OK,OK,OK,OK,OK,16,18,23,15,18,21
"settingsEx.privacy.read",OK,OK,OK,OK,OK,OK,4,5,4,5,3,3
"settingsEx.privacy.subtitle",OK,OK,OK,OK,OK,OK,26,29,37,31,28,34
"settingsEx.privacy.title",OK,OK,OK,OK,OK,OK,14,20,28,13,19,17
"settingsEx.profile.active",OK,OK,OK,OK,OK,OK,14,14,12,14,12,12
"settingsEx.profile.manage",OK,OK,OK,OK,OK,OK,6,9,5,7,5,8
"settingsEx.profile.title",OK,OK,OK,OK,OK,OK,7,6,6,7,6,6
"settingsEx.reset.confirm",OK,OK,OK,OK,OK,OK,78,113,104,100,90,100
"settingsEx.reset.subtitle",OK,OK,OK,OK,OK,OK,26,28,37,35,30,35
"settingsEx.reset.title",OK,OK,OK,OK,OK,OK,14,24,28,18,18,17
"settingsEx.theme.title",OK,OK,OK,OK,OK,OK,9,9,22,9,15,14
"settingsEx.title",OK,OK,OK,OK,OK,OK,8,13,10,12,7,11
"simplePuzzle.comingSoon",OK,OK,OK,OK,OK,OK,33,38,36,44,30,37
"story.readStory",OK,OK,OK,OK,OK,OK,14,19,15,21,18,18
"tabs.achievements",OK,OK,OK,OK,OK,OK,7,7,9,10,8,12
"tabs.activities",OK,OK,OK,OK,OK,OK,10,11,9,12,11,12
"tabs.communication",OK,OK,OK,OK,OK,OK,13,13,13,12,8,8
"tabs.settings",OK,OK,OK,OK,OK,OK,8,13,10,12,7,11
"themes.ay",OK,OK,OK,OK,OK,OK,4,4,4,4,2,2
"themes.ay2",OK,OK,OK,OK,OK,OK,8,8,9,10,5,6
"themes.balloon",OK,OK,OK,OK,OK,OK,7,6,6,6,5,3
"themes.balon",OK,OK,OK,OK,OK,OK,7,6,6,6,5,3
"themes.birds",OK,OK,OK,OK,OK,OK,5,5,7,6,6,6
"themes.cat",OK,OK,OK,OK,OK,OK,3,5,4,3,4,5
"themes.crescent",OK,OK,OK,OK,OK,OK,8,8,9,10,5,6
"themes.fox",OK,OK,OK,OK,OK,OK,3,5,6,3,5,5
"themes.geceorman",OK,OK,OK,OK,OK,OK,12,9,14,8,11,11
"themes.geometri",OK,OK,OK,OK,OK,OK,9,11,11,11,9,7
"themes.geometric",OK,OK,OK,OK,OK,OK,9,11,11,11,9,7
"themes.giraffe",OK,OK,OK,OK,OK,OK,7,7,6,5,6,6
"themes.gunbatimi",OK,OK,OK,OK,OK,OK,6,15,17,13,10,10
"themes.gunes",OK,OK,OK,OK,OK,OK,3,5,6,3,5,5
"themes.kar",OK,OK,OK,OK,OK,OK,4,6,5,6,3,3
"themes.kedi",OK,OK,OK,OK,OK,OK,3,5,4,3,4,5
"themes.kus",OK,OK,OK,OK,OK,OK,5,5,7,6,6,6
"themes.moon",OK,OK,OK,OK,OK,OK,4,4,4,4,2,2
"themes.nightForest",OK,OK,OK,OK,OK,OK,12,9,14,8,11,11
"themes.prairieFox",OK,OK,OK,OK,OK,OK,11,12,19,10,13,11
"themes.rain",OK,OK,OK,OK,OK,OK,4,5,5,5,6,5
"themes.simple",OK,OK,OK,OK,OK,OK,6,7,6,9,4,4
"themes.snow",OK,OK,OK,OK,OK,OK,4,6,5,6,3,3
"themes.sun",OK,OK,OK,OK,OK,OK,3,5,6,3,5,5
"themes.sunset",OK,OK,OK,OK,OK,OK,6,15,17,13,10,10
"themes.tilki",OK,OK,OK,OK,OK,OK,3,5,6,3,5,5
"themes.tilki2",OK,OK,OK,OK,OK,OK,11,12,19,10,13,11
"themes.yagmur",OK,OK,OK,OK,OK,OK,4,5,5,5,6,5
"themes.zurafa",OK,OK,OK,OK,OK,OK,7,7,6,5,6,6

SUMMARY,en:missing=0,de:missing=0,fr:missing=0,nl:missing=0,tr:missing=86,az:missing=0